<?xml version="1.0" encoding="UTF-8"?>
<project-private xmlns="http://www.netbeans.org/ns/project-private/1">
    <open-files xmlns="http://www.netbeans.org/ns/projectui-open-files/2">
        <group>
            <file>file:/Users/Tristan/NetBeansProjects/in2/gulpfile.js</file>
            <file>file:/Users/Tristan/NetBeansProjects/in2/package.json</file>
            <file>file:/Users/Tristan/NetBeansProjects/in2/public_html/index.html</file>
            <file>file:/Users/Tristan/NetBeansProjects/in2/bower.json</file>
            <file>file:/Users/Tristan/NetBeansProjects/in2/.bowerrc</file>
            <file>file:/Users/Tristan/NetBeansProjects/in2/Gruntfile.js</file>
        </group>
    </open-files>
</project-private>
